id;title;description;start_date_time;end_date_time
1;Administrator holistic engine;../fake-data/blob/hipster.txt;2021-06-03T20:35:49;2021-06-03T21:02:01
2;Dynamic Massachusetts;../fake-data/blob/hipster.txt;2021-06-03T17:32:34;2021-06-04T02:44:24
3;compress Licensed;../fake-data/blob/hipster.txt;2021-06-03T20:50:35;2021-06-04T06:05:14
4;Rubber De-engineered;../fake-data/blob/hipster.txt;2021-06-03T12:35:12;2021-06-03T22:50:26
5;online Chips panel;../fake-data/blob/hipster.txt;2021-06-03T21:43:25;2021-06-03T11:01:41
6;Plastic Handmade;../fake-data/blob/hipster.txt;2021-06-03T12:03:58;2021-06-03T16:16:19
7;Haiti payment;../fake-data/blob/hipster.txt;2021-06-03T20:36:27;2021-06-04T00:34:04
8;Cayman Awesome e-enable;../fake-data/blob/hipster.txt;2021-06-03T13:25:20;2021-06-03T23:00:40
9;optimize;../fake-data/blob/hipster.txt;2021-06-04T04:48:48;2021-06-03T14:03:45
10;Lodge;../fake-data/blob/hipster.txt;2021-06-04T02:58:07;2021-06-03T21:34:49
